time,open,high,low,close,volume
1734292800000,3904.09,3974.61,3844.4,3959.09,88976.841
1734307200000,3959.09,4025.18,3928.88,3942.6,144630.7421
1734321600000,3942.6,3983.0,3935.23,3974.01,43808.388
1734336000000,3974.0,3975.91,3902.39,3909.67,63910.2867
1734350400000,3909.68,3960.0,3884.0,3941.21,122284.2247
1734364800000,3941.21,4107.8,3939.4,4056.88,220282.2717
1734379200000,4056.89,4071.99,3980.0,3986.24,78435.1591
1734393600000,3986.24,4041.82,3943.0,4035.01,73034.8936
1734408000000,4035.01,4035.02,3982.77,3994.24,49961.2435
1734422400000,3994.23,4031.38,3990.0,3997.14,51842.525
1734436800000,3997.15,4025.6,3916.57,3939.18,118990.8486
1734451200000,3939.19,3984.46,3917.2,3943.99,71693.5838
1734465600000,3944.0,3952.0,3847.96,3893.01,85302.8916
1734480000000,3893.01,3903.2,3834.66,3849.81,80564.7394
1734494400000,3849.8,3861.7,3803.63,3847.33,83904.9284
1734508800000,3847.33,3887.32,3841.6,3882.65,44754.8074
1734523200000,3882.66,3891.09,3825.0,3867.98,85350.9141
1734537600000,3867.99,3907.19,3770.0,3770.29,120106.5226
1734552000000,3770.3,3786.23,3617.42,3626.8,307823.1499
1734566400000,3626.8,3673.82,3542.22,3668.9,199888.1171
1734580800000,3668.9,3699.58,3653.0,3693.79,62129.1335
1734595200000,3693.79,3720.0,3664.28,3705.62,58298.6588
1734609600000,3705.62,3710.2,3572.73,3613.92,138220.2184
1734624000000,3613.92,3637.1,3376.2,3439.44,392538.6357
1734638400000,3439.45,3465.11,3326.8,3417.01,227078.7216
1734652800000,3417.01,3465.6,3370.47,3413.87,147018.6408
1734667200000,3413.85,3431.16,3328.44,3390.48,145836.4031
1734681600000,3390.48,3390.79,3103.0,3104.56,458522.5239
1734696000000,3104.68,3396.4,3101.9,3374.61,335474.3132
1734710400000,3374.62,3497.84,3366.68,3479.35,160666.9785
1734724800000,3479.36,3489.99,3393.09,3472.21,85264.8715
1734739200000,3472.2,3489.96,3445.35,3467.64,54575.1862
1734753600000,3467.64,3555.18,3460.8,3523.46,85515.9214
1734768000000,3523.45,3527.49,3423.91,3442.23,71843.6301
1734782400000,3442.23,3444.24,3347.0,3390.4,121858.0815
1734796800000,3390.4,3401.33,3326.59,3359.89,79490.6857
1734811200000,3359.89,3388.88,3293.11,3338.92,61992.3151
1734825600000,3338.92,3374.48,3318.71,3356.38,46613.1262
1734840000000,3356.38,3361.75,3295.07,3332.4,40581.5308
1734854400000,3332.5,3403.0,3331.19,3381.03,44270.8729
1734868800000,3381.03,3397.88,3275.0,3302.38,86429.5165
1734883200000,3302.38,3338.65,3238.0,3247.14,75577.8841
1734897600000,3247.14,3310.93,3221.1,3281.83,68447.319
1734912000000,3281.83,3357.03,3216.97,3351.0,92072.9227
1734926400000,3351.0,3363.12,3260.48,3305.2,59489.045
1734940800000,3305.2,3355.54,3293.5,3339.54,54542.9983
1734955200000,3339.51,3361.78,3269.35,3277.2,99124.7485
1734969600000,3277.19,3384.6,3270.91,3338.21,97640.678
1734984000000,3338.21,3466.99,3329.66,3422.53,85383.0175
1734998400000,3422.53,3426.4,3358.19,3396.94,52061.6979
1735012800000,3396.95,3434.97,3385.02,3401.22,37688.0563
1735027200000,3401.22,3416.65,3385.98,3414.56,34709.9812
1735041600000,3414.56,3510.0,3395.59,3493.07,84727.1401
1735056000000,3493.07,3539.65,3465.02,3465.52,68642.133
1735070400000,3465.51,3505.0,3431.99,3493.18,37894.6678
1735084800000,3493.17,3495.97,3458.0,3478.23,37452.4891
1735099200000,3478.23,3509.68,3469.61,3489.22,23470.0573
1735113600000,3489.21,3547.95,3465.43,3471.04,56689.0785
1735128000000,3471.04,3501.05,3457.7,3472.99,43263.8038
1735142400000,3473.0,3488.55,3440.93,3481.21,30283.1034
1735156800000,3481.21,3500.0,3449.64,3497.0,28687.5131
1735171200000,3497.0,3514.94,3450.45,3455.71,39490.1081
1735185600000,3455.71,3455.71,3417.95,3422.0,37010.8253
1735200000000,3422.0,3426.0,3346.87,3373.28,75705.1585
1735214400000,3373.28,3374.0,3328.21,3344.13,52846.6299
1735228800000,3344.14,3365.01,3313.5,3339.75,51011.9069
1735243200000,3339.74,3350.0,3304.63,3335.05,54105.5432
1735257600000,3335.04,3388.57,3317.27,3379.4,45630.5975
1735272000000,3379.4,3398.79,3317.25,3326.02,51589.392
1735286400000,3326.01,3444.16,3325.68,3419.27,84740.616
1735300800000,3419.27,3423.0,3307.83,3326.32,76485.302
1735315200000,3326.32,3366.62,3306.6,3355.0,51582.1218
1735329600000,3354.99,3355.54,3310.0,3333.51,32501.5745
1735344000000,3333.51,3353.09,3322.23,3345.51,26238.7528
1735358400000,3345.51,3361.14,3332.71,3335.53,23967.6455
1735372800000,3335.53,3363.53,3333.0,3359.23,26959.5805
1735387200000,3359.23,3396.0,3351.02,3368.38,41263.3733
1735401600000,3368.39,3413.0,3365.61,3400.87,33164.8093
1735416000000,3400.87,3428.68,3389.71,3404.0,24369.4516
1735430400000,3404.01,3406.6,3375.62,3382.98,20759.3469
1735444800000,3382.98,3407.99,3380.0,3407.61,15629.5688
1735459200000,3407.6,3413.78,3390.0,3398.36,21613.8119
1735473600000,3398.37,3410.92,3354.68,3373.82,35645.2469
1735488000000,3373.82,3376.21,3345.9,3362.6,25174.7717
1735502400000,3362.59,3368.35,3326.17,3356.48,37434.1357
1735516800000,3356.48,3437.59,3347.77,3403.76,63632.2232
1735531200000,3403.75,3432.65,3388.6,3427.0,49424.5964
1735545600000,3427.01,3434.35,3395.05,3424.13,41773.7823
1735560000000,3424.12,3430.2,3305.0,3324.16,104004.1696
1735574400000,3324.16,3408.56,3317.5,3401.93,73974.9031
1735588800000,3401.93,3419.0,3308.87,3361.84,87984.973
1735603200000,3361.83,3365.04,3315.59,3340.18,41362.5257
1735617600000,3340.19,3363.42,3328.77,3353.64,24854.5842
1735632000000,3353.64,3410.0,3352.79,3394.73,44537.3245
1735646400000,3394.74,3451.0,3393.12,3412.85,95324.0163
1735660800000,3412.86,3416.35,3330.0,3355.38,65968.4251
1735675200000,3355.37,3364.64,3328.47,3337.78,31006.2927
1735689600000,3337.78,3368.42,3335.84,3355.2,27833.8566
1735704000000,3355.2,3356.61,3336.88,3347.12,20068.2829
1735718400000,3347.11,3348.84,3313.88,3341.0,39620.2004
1735732800000,3341.01,3359.37,3328.2,3352.93,30899.7402
1735747200000,3352.93,3364.14,3323.03,3356.55,35964.8595
1735761600000,3356.56,3374.85,3352.0,3360.38,35851.6465
1735776000000,3360.39,3405.6,3354.5,3388.55,52198.498
1735790400000,3388.54,3427.54,3388.0,3420.05,45379.1947
1735804800000,3420.06,3476.0,3414.21,3471.18,51457.6321
1735819200000,3471.18,3509.99,3440.38,3463.51,100117.958
1735833600000,3463.52,3491.19,3428.99,3463.18,59125.0848
1735848000000,3463.18,3475.28,3421.79,3455.67,30354.5198
1735862400000,3455.68,3477.03,3442.62,3470.16,30377.2819
1735876800000,3470.17,3470.94,3432.44,3433.27,26434.7355
1735891200000,3433.27,3468.01,3423.44,3465.62,33237.3195
1735905600000,3465.61,3576.0,3461.26,3565.13,113597.4343
1735920000000,3565.14,3630.0,3565.14,3622.83,91647.7522
1735934400000,3622.82,3624.38,3595.0,3609.01,38746.537
1735948800000,3609.0,3620.86,3579.92,3597.97,32059.5521
1735963200000,3597.98,3609.81,3584.16,3594.04,29387.4649
1735977600000,3594.05,3605.57,3572.42,3602.01,26671.4
1735992000000,3602.01,3663.25,3592.06,3607.81,74947.1675
1736006400000,3607.81,3644.54,3601.62,3631.14,31618.7517
1736020800000,3631.13,3671.6,3631.13,3656.88,34581.9771
1736035200000,3656.88,3675.25,3629.66,3637.79,23170.7894
1736049600000,3637.79,3650.44,3629.0,3631.56,14533.8551
1736064000000,3631.55,3633.29,3603.33,3613.47,29089.6373
1736078400000,3613.46,3638.77,3593.7,3629.6,38066.8557
1736092800000,3629.6,3648.11,3613.04,3637.78,27732.354
1736107200000,3637.78,3656.88,3629.5,3635.99,22850.6826
1736121600000,3636.0,3684.03,3610.63,3664.92,50315.5662
1736136000000,3664.92,3698.04,3642.6,3650.75,44005.3678
1736150400000,3650.75,3662.73,3633.0,3654.52,35871.6086
1736164800000,3654.51,3714.49,3622.1,3714.45,97690.5245
1736179200000,3714.45,3744.83,3655.55,3687.44,72164.6711
1736193600000,3687.44,3703.38,3666.37,3687.45,29594.6266
1736208000000,3687.44,3700.86,3663.0,3682.25,27692.0794
1736222400000,3682.25,3685.92,3659.0,3667.77,20773.8207
1736236800000,3667.78,3679.27,3625.55,3639.27,38116.8609
1736251200000,3639.28,3645.95,3413.81,3462.64,237757.3537
1736265600000,3462.65,3491.7,3372.71,3385.67,137249.7913
1736280000000,3385.68,3414.04,3356.31,3381.31,79953.3814
1736294400000,3381.31,3415.1,3343.22,3360.31,72032.314
1736308800000,3360.31,3373.14,3306.41,3354.59,96871.4444
1736323200000,3354.59,3376.85,3323.0,3349.79,56107.3562
1736337600000,3349.78,3386.36,3332.55,3346.73,110465.553
1736352000000,3346.72,3347.68,3208.2,3280.68,202602.4597
1736366400000,3280.68,3334.8,3266.08,3327.29,46670.8354
1736380800000,3327.29,3357.27,3306.5,3324.74,52228.5161
1736395200000,3324.71,3343.36,3281.96,3288.71,48878.5653
1736409600000,3288.71,3327.75,3265.77,3301.41,68409.9459
1736424000000,3301.41,3337.0,3210.28,3320.58,129495.9017
1736438400000,3320.57,3327.91,3190.82,3195.63,101321.1919
1736452800000,3195.63,3239.59,3158.0,3219.2,101484.3038
1736467200000,3219.2,3260.47,3213.74,3254.37,38726.2671
1736481600000,3254.36,3313.65,3242.4,3296.29,54266.7097
1736496000000,3296.29,3321.25,3288.12,3311.65,58339.9484
1736510400000,3311.64,3317.03,3193.97,3245.14,188771.5903
1736524800000,3245.15,3322.49,3232.2,3295.66,87802.2684
1736539200000,3295.65,3295.65,3256.9,3267.04,26235.3494
1736553600000,3267.05,3270.0,3231.83,3236.8,23585.0737
1736568000000,3236.8,3251.13,3222.73,3235.72,22043.9098
1736582400000,3235.72,3280.5,3217.56,3273.81,33928.1666
1736596800000,3273.81,3282.94,3258.3,3271.33,22576.1658
1736611200000,3271.33,3283.54,3259.06,3278.45,20674.0187
1736625600000,3278.46,3320.18,3275.84,3282.83,28872.4141
1736640000000,3282.83,3290.91,3274.12,3286.0,16338.3838
1736654400000,3286.0,3289.41,3263.49,3266.87,17101.3936
1736668800000,3266.87,3271.36,3224.49,3253.02,30127.3285
1736683200000,3253.03,3296.14,3247.89,3285.68,45904.0573
1736697600000,3285.68,3300.0,3268.66,3280.12,25565.4361
1736712000000,3280.11,3289.31,3234.38,3267.3,29843.3716
1736726400000,3267.3,3339.0,3235.69,3242.72,74893.5146
1736740800000,3242.73,3260.49,3181.3,3201.66,60066.4461
1736755200000,3201.66,3205.9,3055.88,3057.16,168149.8731
1736769600000,3057.15,3091.38,2920.0,3049.0,307651.5684
1736784000000,3049.01,3060.51,2986.4,3025.07,133843.8405
1736798400000,3025.06,3143.2,3011.71,3137.51,101302.3242
1736812800000,3137.51,3175.51,3125.65,3158.87,49686.9686
1736827200000,3158.87,3190.07,3158.18,3171.53,34578.9351
1736841600000,3171.53,3256.67,3169.41,3217.62,81942.4905
1736856000000,3217.61,3233.27,3178.11,3199.45,120884.5335
1736870400000,3199.45,3235.99,3172.12,3214.38,56930.5399
1736884800000,3214.37,3240.69,3194.86,3225.63,30284.9841
1736899200000,3225.63,3245.77,3205.17,3240.79,53847.0282
1736913600000,3240.8,3252.35,3215.73,3233.3,36021.9932
1736928000000,3233.3,3248.55,3186.36,3199.6,41139.0192
1736942400000,3199.61,3353.82,3186.73,3334.47,167086.5433
1736956800000,3334.47,3442.59,3323.91,3434.99,92241.8869
1736971200000,3434.99,3473.75,3418.4,3451.52,73851.5632
1736985600000,3451.51,3460.79,3346.0,3363.38,80015.6264
1737000000000,3363.38,3391.5,3362.0,3384.3,35612.5086
1737014400000,3384.3,3385.84,3300.21,3351.27,81969.0716
1737028800000,3351.26,3365.16,3265.44,3333.04,143419.3038
1737043200000,3333.02,3365.95,3310.47,3344.81,66607.9866
1737057600000,3344.81,3354.01,3269.0,3308.05,63658.1817
1737072000000,3308.04,3397.66,3307.5,3361.01,97199.4285
1737086400000,3361.01,3389.11,3347.79,3373.14,51957.9518
1737100800000,3373.14,3439.0,3372.52,3423.24,70486.3322
1737115200000,3423.25,3450.53,3395.14,3421.8,119276.6918
1737129600000,3421.8,3448.5,3407.63,3432.11,69418.1971
1737144000000,3432.1,3525.72,3425.9,3473.63,110211.5799
1737158400000,3473.64,3494.39,3368.06,3384.07,72302.7289
1737172800000,3384.08,3395.49,3281.09,3287.63,136100.3118
1737187200000,3287.64,3324.1,3227.0,3311.62,153502.6355
1737201600000,3311.63,3347.34,3274.17,3307.07,121126.2592
1737216000000,3307.07,3316.62,3250.0,3290.2,102206.1472
1737230400000,3290.21,3321.11,3258.37,3307.71,48959.0455
1737244800000,3307.71,3378.11,3298.71,3335.47,85390.1548
1737259200000,3335.47,3337.95,3259.9,3276.06,116181.1471
1737273600000,3276.06,3277.53,3130.48,3149.97,255482.6912
1737288000000,3149.98,3426.05,3145.0,3383.68,366843.084
1737302400000,3383.68,3448.99,3378.11,3418.92,133240.277
1737316800000,3418.93,3431.82,3156.7,3215.12,385164.1676
1737331200000,3215.2,3280.75,3142.78,3272.34,274130.007
1737345600000,3272.3,3453.69,3250.66,3382.59,232466.8507
1737360000000,3382.58,3413.3,3334.32,3375.43,131468.8606
1737374400000,3375.42,3379.94,3257.2,3335.9,167094.9543
1737388800000,3335.91,3390.68,3205.42,3343.5,286337.6826
1737403200000,3343.49,3344.5,3255.92,3284.0,66856.4262
1737417600000,3283.99,3289.85,3204.6,3262.6,133473.3547
1737432000000,3262.6,3266.24,3213.03,3254.7,71362.1643
1737446400000,3254.7,3314.0,3234.48,3305.07,82511.5762
1737460800000,3305.07,3335.44,3265.11,3295.1,121235.0686
1737475200000,3295.1,3368.0,3290.5,3332.16,92024.6512
1737489600000,3332.16,3347.12,3302.03,3327.54,48099.2363
1737504000000,3327.55,3365.99,3321.31,3330.98,60248.4497
1737518400000,3330.98,3339.59,3287.0,3288.07,50588.4786
1737532800000,3288.08,3329.99,3273.83,3326.55,52580.187
1737547200000,3326.55,3332.7,3267.17,3278.39,77812.8324
1737561600000,3278.39,3291.3,3239.4,3261.99,61571.1565
1737576000000,3262.0,3276.6,3222.85,3242.6,46439.6456
1737590400000,3242.61,3261.34,3204.18,3226.92,66638.8818
1737604800000,3227.0,3234.0,3185.0,3233.48,55874.4651
1737619200000,3233.48,3233.65,3188.89,3213.08,54314.7039
1737633600000,3213.08,3286.72,3189.69,3259.33,162299.7618
1737648000000,3259.33,3297.49,3195.0,3204.98,86129.1778
1737662400000,3204.98,3347.97,3196.25,3338.21,180335.7321
1737676800000,3338.22,3349.6,3275.9,3302.26,79820.4869
1737691200000,3302.26,3421.0,3292.23,3380.8,111035.1083
1737705600000,3380.79,3416.5,3374.68,3399.22,57084.8198
1737720000000,3399.21,3428.0,3355.67,3383.69,82277.9441
1737734400000,3383.64,3409.4,3365.0,3368.7,54874.6628
1737748800000,3368.7,3378.79,3304.11,3310.09,66431.2533
1737763200000,3310.1,3325.0,3268.66,3319.44,56579.5625
1737777600000,3319.43,3319.7,3283.57,3291.53,32529.0183
1737792000000,3291.52,3311.5,3272.09,3306.91,26453.7694
1737806400000,3306.91,3345.0,3294.24,3334.62,37205.69
1737820800000,3334.62,3349.58,3330.63,3340.3,30687.7471
1737835200000,3340.29,3350.68,3314.87,3318.77,25103.2542
1737849600000,3318.76,3350.0,3313.9,3338.94,30620.8049
1737864000000,3338.95,3362.0,3330.3,3338.56,31975.7408
1737878400000,3338.57,3343.45,3292.82,3312.3,37739.2642
1737892800000,3312.3,3320.68,3297.47,3315.31,35395.7128
1737907200000,3315.31,3344.88,3307.96,3338.74,32638.251
1737921600000,3338.73,3342.34,3230.0,3232.61,103795.6953
1737936000000,3232.61,3253.91,3160.71,3183.6,143752.4038
1737950400000,3183.6,3183.6,3020.01,3070.8,190988.3997
1737964800000,3070.8,3090.77,3034.48,3058.94,113419.5103
1737979200000,3058.94,3152.0,3053.67,3133.4,130642.8831
1737993600000,3133.39,3133.39,3046.68,3075.93,91816.9296
1738008000000,3075.93,3239.0,3073.13,3182.44,82384.6264
1738022400000,3182.44,3218.39,3151.62,3203.15,59730.3964
1738036800000,3203.15,3223.01,3188.8,3196.22,36876.4693
1738051200000,3196.22,3208.0,3177.1,3186.74,29927.795
1738065600000,3186.75,3214.38,3156.86,3181.36,56108.5561
1738080000000,3181.37,3182.98,3120.36,3147.31,70607.8468
1738094400000,3147.31,3155.37,3040.03,3077.72,97708.6537
1738108800000,3077.72,3132.69,3076.31,3130.43,38565.7576
1738123200000,3130.43,3160.0,3117.01,3156.89,31716.9894
1738137600000,3156.88,3164.11,3119.8,3135.13,31298.1473
1738152000000,3135.13,3140.38,3080.57,3101.12,63257.2553
1738166400000,3101.11,3153.22,3054.06,3126.5,138822.555
1738180800000,3126.49,3182.52,3091.0,3113.9,106076.553
1738195200000,3113.9,3202.58,3091.06,3201.5,59767.8767
1738209600000,3201.5,3215.73,3178.76,3191.04,41271.2784
1738224000000,3191.04,3229.82,3181.1,3222.71,43500.7294
1738238400000,3222.71,3281.0,3209.24,3255.3,115188.9076
1738252800000,3255.3,3283.43,3249.06,3271.61,48762.1455
1738267200000,3271.6,3273.2,3228.68,3247.39,42148.5447
1738281600000,3247.38,3279.5,3221.2,3230.65,44873.3589
1738296000000,3230.65,3276.93,3213.8,3241.63,50490.3334
1738310400000,3241.63,3338.55,3234.05,3335.16,93861.7646
1738324800000,3335.16,3436.34,3325.3,3427.66,186786.6888
1738339200000,3427.65,3437.31,3294.97,3339.08,183740.9869
1738353600000,3339.07,3339.07,3278.5,3300.99,88928.5235
1738368000000,3300.99,3331.98,3283.01,3291.97,45386.3486
1738382400000,3291.97,3307.19,3273.44,3280.1,38200.5703
1738396800000,3280.11,3286.31,3224.01,3252.16,61226.0725
1738411200000,3252.17,3273.15,3228.93,3250.99,42293.9961
1738425600000,3251.0,3267.24,3178.07,3197.08,60538.4039
1738440000000,3197.09,3197.09,3101.7,3117.54,106419.8611
1738454400000,3117.54,3163.2,3069.36,3077.97,89939.3891
1738468800000,3077.98,3139.0,3075.0,3101.51,79243.3375
1738483200000,3101.5,3124.13,3052.19,3064.86,74238.7842
1738497600000,3064.87,3101.92,3050.64,3081.19,110373.1219
1738512000000,3081.18,3082.02,2894.4,2958.9,371163.2332
1738526400000,2958.91,2987.68,2750.71,2869.68,325848.0641
1738540800000,2869.68,2872.75,2125.01,2527.12,1114056.6473
1738555200000,2527.2,2632.8,2447.25,2622.35,360415.8333
1738569600000,2622.35,2622.51,2526.16,2581.41,313992.2338
1738584000000,2581.41,2728.0,2529.39,2700.72,480214.163
1738598400000,2700.73,2770.26,2668.06,2764.23,264479.6094
1738612800000,2764.21,2921.0,2695.61,2879.9,274820.5342
1738627200000,2879.89,2888.5,2792.22,2811.0,138011.8718
1738641600000,2810.99,2836.68,2663.21,2703.53,263950.4571
1738656000000,2703.54,2789.44,2677.0,2757.99,136242.205
1738670400000,2757.99,2846.3,2730.18,2777.18,248591.0339
1738684800000,2777.18,2869.39,2765.26,2770.6,197618.1804
1738699200000,2770.6,2794.05,2632.6,2731.19,275180.6437
1738713600000,2731.19,2767.78,2699.13,2720.38,115470.3507
1738728000000,2720.38,2788.0,2709.2,2759.31,83663.9379
1738742400000,2759.3,2817.89,2746.85,2800.01,97829.6017
1738756800000,2800.0,2826.95,2757.46,2773.46,145221.6591
1738771200000,2773.45,2787.56,2715.27,2775.49,147455.2194
1738785600000,2775.5,2803.0,2739.49,2788.25,96952.2741
1738800000000,2788.25,2819.51,2755.69,2806.49,90491.0279
1738814400000,2806.5,2856.21,2805.87,2831.32,72823.7821
1738828800000,2831.33,2857.64,2793.05,2803.92,78819.9706
1738843200000,2803.92,2807.77,2683.71,2705.57,201947.9866
1738857600000,2705.57,2726.75,2672.03,2689.57,178796.1312
1738872000000,2689.56,2725.6,2655.28,2686.64,96581.0587
1738886400000,2686.63,2739.61,2679.79,2715.58,84594.2909
1738900800000,2715.58,2731.0,2668.03,2713.07,73234.0939
1738915200000,2713.06,2764.78,2705.56,2762.69,54688.6634
1738929600000,2762.69,2797.5,2710.97,2721.73,186449.8092
1738944000000,2721.74,2727.78,2655.8,2659.3,136563.808
1738958400000,2659.3,2661.85,2562.51,2622.1,159936.6958
1738972800000,2622.11,2667.3,2615.88,2641.66,92979.212
1738987200000,2641.67,2648.99,2594.63,2629.61,82532.5459
1739001600000,2629.61,2632.5,2601.4,2613.32,46191.8863
1739016000000,2613.3,2636.9,2588.8,2605.24,64882.546
1739030400000,2605.24,2649.9,2589.97,2637.89,64134.2209
1739044800000,2637.89,2645.6,2623.78,2632.46,28964.7398
1739059200000,2632.46,2698.9,2626.63,2678.54,57303.1101
1739073600000,2678.53,2678.9,2649.29,2662.59,32616.6626
1739088000000,2662.59,2673.38,2650.99,2654.78,36834.7682
1739102400000,2654.8,2661.81,2611.78,2653.21,62701.1928
1739116800000,2653.22,2666.38,2616.81,2623.89,38288.2364
1739131200000,2623.89,2649.55,2520.02,2627.18,159422.821
1739145600000,2627.18,2658.6,2559.85,2625.97,124085.1172
1739160000000,2625.97,2660.0,2618.4,2637.03,50659.2011
1739174400000,2637.02,2662.0,2634.84,2653.16,44469.5344
1739188800000,2653.16,2684.55,2631.24,2658.22,79674.8175
1739203200000,2658.21,2693.79,2650.0,2672.28,64651.5219
1739217600000,2672.28,2686.61,2651.74,2661.19,34633.0795
1739232000000,2661.19,2725.04,2660.72,2678.89,74917.793
1739246400000,2678.89,2724.98,2676.49,2712.15,56265.817
1739260800000,2712.12,2720.9,2690.24,2708.8,59949.3625
1739275200000,2708.8,2710.29,2626.13,2662.36,87537.4987
1739289600000,2662.35,2670.8,2580.0,2589.7,103602.5891
1739304000000,2589.69,2631.36,2558.24,2602.59,101923.0832
1739318400000,2602.59,2624.36,2569.31,2587.24,51289.7143
1739332800000,2587.23,2624.07,2577.5,2618.63,47853.4948
1739347200000,2618.62,2639.49,2610.78,2627.08,58319.6511
1739361600000,2627.08,2665.16,2546.92,2606.9,231775.8396
1739376000000,2606.9,2683.65,2583.18,2677.95,116993.489
1739390400000,2677.95,2795.45,2669.49,2738.27,140063.7071
1739404800000,2738.27,2757.28,2716.0,2744.0,59978.5118
1739419200000,2744.0,2745.73,2672.03,2681.5,65437.2035
1739433600000,2681.51,2688.43,2650.65,2656.19,67087.393
1739448000000,2656.18,2677.77,2616.04,2647.95,129821.5749
1739462400000,2647.96,2662.17,2612.76,2640.94,82110.6284
1739476800000,2640.94,2679.99,2640.5,2675.87,39333.9737
1739491200000,2675.87,2721.4,2664.46,2715.39,46515.5177
1739505600000,2715.39,2716.2,2689.43,2699.42,45766.299
1739520000000,2699.41,2716.48,2682.42,2684.81,70491.0328
1739534400000,2684.8,2747.39,2677.43,2734.33,88731.914
1739548800000,2734.33,2791.78,2709.61,2738.0,116442.086
1739563200000,2738.0,2751.1,2706.0,2725.95,51948.9367
1739577600000,2725.95,2739.0,2703.99,2724.4,38406.6504
1739592000000,2724.41,2733.6,2694.0,2697.66,28365.3972
1739606400000,2697.65,2715.1,2695.7,2708.37,31229.706
1739620800000,2708.37,2713.99,2662.28,2691.05,51483.7874
1739635200000,2691.05,2707.93,2679.0,2691.59,29841.035
1739649600000,2691.6,2704.0,2679.16,2693.04,23644.8535
1739664000000,2693.04,2705.98,2687.71,2698.73,18133.5135
1739678400000,2698.73,2727.31,2690.56,2695.59,30078.2868
1739692800000,2695.59,2713.0,2689.49,2710.99,31255.4898
1739707200000,2710.99,2712.49,2676.73,2694.2,36990.7167
1739721600000,2694.21,2703.46,2659.1,2683.47,38553.7836
1739736000000,2683.46,2689.13,2651.26,2661.41,36219.741
1739750400000,2661.41,2684.0,2658.0,2671.88,34706.9905
1739764800000,2671.89,2695.27,2637.71,2681.59,95908.2492
1739779200000,2681.59,2774.98,2676.29,2755.2,133143.9377
1739793600000,2755.2,2849.7,2746.1,2755.72,201274.6321
1739808000000,2755.71,2765.79,2686.91,2717.72,124486.4926
1739822400000,2717.72,2778.15,2716.54,2744.05,50219.5176
1739836800000,2744.05,2756.93,2707.5,2712.08,53866.0828
1739851200000,2712.07,2718.09,2652.17,2672.51,144898.4315
1739865600000,2672.51,2706.12,2653.4,2679.26,88680.2452
1739880000000,2679.26,2732.8,2660.0,2673.7,114342.8765
1739894400000,2673.7,2684.63,2605.44,2630.37,139482.6642
1739908800000,2630.38,2672.4,2618.0,2671.99,63593.5735
1739923200000,2672.0,2700.0,2656.03,2694.02,48256.7103
1739937600000,2694.02,2717.34,2664.54,2708.38,56191.0568
1739952000000,2708.39,2736.7,2703.99,2726.93,61785.4339
1739966400000,2726.93,2731.16,2677.51,2696.99,71752.3137
1739980800000,2696.99,2724.29,2694.78,2712.03,47648.0995
1739995200000,2712.03,2734.37,2706.02,2715.5,40520.406
1740009600000,2715.51,2751.5,2709.69,2741.77,50953.0686
1740024000000,2741.77,2758.68,2722.23,2730.22,50511.3938
1740038400000,2730.23,2746.99,2725.28,2740.71,33327.6054
1740052800000,2740.7,2770.59,2707.33,2712.6,96259.5299
1740067200000,2712.6,2767.93,2707.18,2747.77,72800.2885
1740081600000,2747.77,2761.06,2722.2,2738.04,32883.3682
1740096000000,2738.04,2749.49,2726.0,2744.2,32255.6241
1740110400000,2744.2,2769.56,2744.19,2756.32,44085.0098
1740124800000,2756.31,2831.71,2747.74,2788.73,101826.5357
1740139200000,2788.73,2845.32,2675.02,2723.31,273746.5973
1740153600000,2723.3,2769.88,2625.94,2640.19,328655.2354
1740168000000,2640.2,2664.0,2616.72,2663.0,109871.0581
1740182400000,2663.0,2688.97,2653.33,2675.37,88626.3932
1740196800000,2675.37,2697.1,2673.0,2684.56,35257.9596
1740211200000,2684.55,2753.59,2676.8,2732.99,136897.9772
1740225600000,2733.0,2785.91,2722.15,2775.68,64983.537
1740240000000,2775.67,2798.07,2756.37,2770.09,89040.9675
1740254400000,2770.1,2778.14,2759.39,2763.22,30182.8324
1740268800000,2763.23,2775.88,2745.41,2752.77,39782.8142
1740283200000,2752.76,2829.98,2746.17,2825.2,108629.0536
1740297600000,2825.2,2831.58,2783.2,2797.48,98860.1041
1740312000000,2797.48,2827.0,2773.48,2783.0,155759.8402
1740326400000,2783.0,2824.0,2782.38,2807.97,117626.0389
1740340800000,2807.97,2857.34,2784.01,2819.69,90344.2712
1740355200000,2819.7,2839.95,2711.8,2718.08,132389.5642
1740369600000,2718.08,2735.78,2691.49,2722.01,121962.0226
1740384000000,2722.02,2722.4,2663.03,2689.99,104336.8507
1740398400000,2690.0,2696.63,2636.33,2658.77,146891.4552
1740412800000,2658.77,2682.42,2623.12,2641.26,112927.4368
1740427200000,2641.3,2663.9,2470.33,2513.52,258369.0412
1740441600000,2513.52,2530.6,2458.27,2495.21,211165.3701
1740456000000,2495.22,2512.9,2313.49,2368.11,376091.6202
1740470400000,2368.12,2439.5,2357.05,2433.69,255323.8198
1740484800000,2433.7,2448.95,2361.89,2409.8,250071.3592
1740499200000,2409.8,2473.59,2383.4,2471.91,135745.5299
1740513600000,2471.9,2533.49,2457.59,2495.7,93619.1726
1740528000000,2495.69,2507.5,2471.8,2490.6,62969.4729
1740542400000,2490.61,2506.4,2475.2,2483.81,64151.974
1740556800000,2483.81,2496.25,2457.77,2464.79,93766.3355
1740571200000,2464.8,2466.81,2370.0,2428.47,166356.9374
1740585600000,2428.5,2434.2,2266.1,2296.29,278352.1916
1740600000000,2296.3,2383.37,2253.77,2336.37,197490.3019
1740614400000,2336.38,2370.9,2315.85,2332.11,90991.5806
1740628800000,2332.11,2373.2,2303.22,2356.13,111823.423
1740643200000,2356.13,2381.6,2343.41,2353.82,77842.7418
1740657600000,2353.83,2362.35,2290.78,2323.31,129970.0648
1740672000000,2323.31,2337.5,2278.79,2292.41,105527.0794
1740686400000,2292.41,2311.52,2230.57,2307.72,121429.021
1740700800000,2307.72,2314.18,2123.63,2147.49,410729.0366
1740715200000,2147.49,2156.0,2076.26,2106.2,304572.7663
1740729600000,2106.21,2151.94,2076.26,2125.8,164223.0144
1740744000000,2125.8,2228.64,2105.38,2223.01,234321.3019
1740758400000,2223.0,2255.13,2193.4,2230.15,120716.9075
1740772800000,2230.14,2239.69,2198.51,2237.59,56976.029
1740787200000,2237.59,2275.61,2213.33,2262.98,76171.7295
1740801600000,2262.98,2281.14,2224.2,2229.24,78968.1809
1740816000000,2229.25,2239.77,2171.41,2184.42,76803.1109
1740830400000,2184.43,2187.7,2142.73,2173.29,87634.5779
1740844800000,2173.3,2234.6,2169.4,2223.31,67008.3349
1740859200000,2223.31,2235.99,2191.1,2217.39,59844.793
1740873600000,2217.4,2230.82,2201.1,2220.18,64784.6556
1740888000000,2220.19,2235.6,2218.2,2221.4,43328.6385
1740902400000,2221.4,2260.84,2208.06,2238.88,91437.409
1740916800000,2238.88,2291.76,2172.04,2229.51,238909.0638
1740931200000,2229.51,2518.0,2212.35,2486.42,673710.4844
1740945600000,2486.42,2550.58,2480.19,2518.11,154514.5235
1740960000000,2518.12,2523.56,2418.67,2441.15,126059.2499
1740974400000,2441.16,2457.25,2352.79,2387.01,116668.3594
1740988800000,2387.01,2388.11,2322.01,2356.16,106661.5946
1741003200000,2356.15,2389.0,2266.97,2287.24,233661.8371
1741017600000,2287.3,2297.0,2100.0,2109.88,321208.0472
1741032000000,2109.87,2173.29,2097.91,2149.01,205306.1121
1741046400000,2149.02,2167.18,2002.81,2074.89,381379.4472
1741060800000,2074.89,2122.12,2068.34,2080.41,100105.7709
1741075200000,2080.42,2118.0,2071.03,2101.36,83425.9767
1741089600000,2101.38,2158.32,2025.62,2074.49,282620.1985
1741104000000,2074.49,2174.72,1993.2,2172.65,263372.4771
1741118400000,2172.63,2221.88,2126.06,2171.51,146918.4668
1741132800000,2171.5,2192.75,2155.03,2160.89,75779.2625
1741147200000,2160.9,2213.13,2156.15,2207.0,74065.4863
1741161600000,2207.0,2273.51,2204.61,2217.72,157942.1343
1741176000000,2217.72,2232.81,2166.48,2186.82,197537.5452
1741190400000,2186.81,2222.99,2161.78,2218.3,119024.4928
1741204800000,2218.3,2252.86,2214.12,2241.59,62781.8686
1741219200000,2241.59,2296.31,2234.07,2289.79,105010.7409
1741233600000,2289.79,2319.99,2275.91,2286.0,70371.8427
1741248000000,2285.99,2305.68,2276.77,2297.59,52141.9558
1741262400000,2297.59,2298.9,2208.6,2257.49,191161.4281
1741276800000,2257.5,2265.7,2176.9,2198.34,112488.4374
1741291200000,2198.35,2229.4,2192.3,2202.2,65733.9886
1741305600000,2202.21,2227.39,2101.82,2147.89,241562.3974
1741320000000,2147.9,2193.39,2144.59,2192.41,47011.2169
1741334400000,2192.41,2210.8,2177.15,2197.49,48544.8208
1741348800000,2197.49,2258.47,2165.79,2209.68,184203.3684
1741363200000,2209.67,2215.49,2141.53,2178.34,137449.4887
1741377600000,2178.33,2186.96,2115.0,2141.6,123615.9684
1741392000000,2141.6,2156.0,2105.06,2137.8,49887.2769
1741406400000,2137.8,2152.69,2131.4,2137.88,26053.3446
1741420800000,2137.89,2143.5,2126.66,2141.95,32120.7156
1741435200000,2141.95,2198.86,2138.1,2181.4,89601.1782
1741449600000,2181.4,2234.93,2161.14,2224.6,96299.8498
1741464000000,2224.61,2225.99,2193.2,2203.58,34830.7328
1741478400000,2203.57,2212.0,2176.14,2186.01,31680.2767
1741492800000,2186.0,2197.1,2171.84,2185.07,28504.2259
1741507200000,2185.07,2187.68,2128.43,2146.7,55551.963
1741521600000,2146.7,2146.9,2084.67,2097.03,121751.0614
1741536000000,2097.01,2109.32,1998.0,2040.47,249511.9992
1741550400000,2040.47,2056.59,1989.66,2020.41,114672.062
1741564800000,2020.43,2071.0,1995.08,2057.89,102595.4967
1741579200000,2057.88,2079.33,2054.19,2075.29,41834.9445
1741593600000,2075.3,2152.4,2047.83,2128.12,160181.7753
1741608000000,2128.11,2135.98,1997.0,2017.83,239663.5971
1741622400000,2017.83,2025.3,1810.01,1869.3,566502.5453
1741636800000,1869.43,1903.99,1843.23,1865.1,137966.9925
1741651200000,1865.11,1890.46,1754.28,1849.78,363691.2023
1741665600000,1849.78,1914.25,1845.46,1904.1,125136.8603
1741680000000,1904.1,1929.68,1899.57,1914.12,121867.722
1741694400000,1914.12,1962.98,1840.53,1914.49,363557.2205
1741708800000,1914.49,1963.2,1886.55,1951.91,147786.786
1741723200000,1951.9,1955.42,1917.17,1923.43,49388.2084
1741737600000,1923.42,1932.86,1867.09,1868.9,89187.395
1741752000000,1868.89,1916.66,1852.3,1911.26,110565.4119
1741766400000,1911.26,1960.0,1871.11,1916.84,215120.8672
1741780800000,1916.85,1947.0,1829.72,1869.85,248953.4079
1741795200000,1869.86,1894.72,1862.45,1878.25,73654.1765
1741809600000,1878.26,1915.95,1873.7,1908.2,51258.4178
1741824000000,1908.2,1917.12,1882.01,1886.87,52279.6222
1741838400000,1886.87,1891.5,1858.32,1872.23,70999.1065
1741852800000,1872.23,1905.38,1853.9,1900.24,122758.5939
1741867200000,1900.24,1923.09,1864.21,1875.41,175474.8446
1741881600000,1875.41,1878.1,1821.81,1851.82,103269.565
1741896000000,1851.73,1883.56,1839.4,1864.59,44755.53
1741910400000,1864.59,1894.63,1861.31,1889.29,37433.6401
1741924800000,1889.28,1905.42,1887.73,1893.07,43605.6267
1741939200000,1893.08,1908.93,1889.5,1902.4,46793.3531
1741953600000,1902.41,1942.48,1877.69,1922.2,143016.1201
1741968000000,1922.2,1945.64,1914.19,1934.16,67614.675
1741982400000,1934.16,1934.94,1908.38,1911.65,37342.3205
1741996800000,1911.64,1923.37,1903.75,1920.44,30993.0842
1742011200000,1920.43,1935.21,1914.65,1917.66,33333.6803
1742025600000,1917.68,1931.87,1912.7,1929.0,29503.127
1742040000000,1929.0,1939.6,1922.55,1937.83,35518.1072
1742054400000,1937.84,1948.22,1928.76,1937.31,40092.5507
1742068800000,1937.32,1957.19,1936.37,1937.17,40105.3181
1742083200000,1937.18,1940.87,1916.56,1927.52,31212.3097
1742097600000,1927.52,1934.0,1921.53,1925.89,22661.718
1742112000000,1925.89,1926.92,1866.9,1874.0,90060.573
1742126400000,1874.01,1898.33,1873.42,1895.01,53503.7716
1742140800000,1895.01,1924.11,1860.38,1882.74,86543.0685
1742155200000,1882.73,1898.63,1870.1,1887.0,40785.2156
1742169600000,1887.01,1915.44,1886.36,1908.85,41322.9928
1742184000000,1908.85,1912.99,1879.98,1900.74,38881.3235
1742198400000,1900.75,1918.42,1893.0,1910.59,37499.8988
1742212800000,1910.58,1939.03,1888.01,1919.47,107747.907
1742227200000,1919.47,1952.4,1907.74,1942.23,71315.4844
1742241600000,1942.22,1949.5,1922.2,1926.31,38072.8812
1742256000000,1926.3,1930.25,1897.47,1901.17,52066.7245
1742270400000,1901.17,1910.41,1893.86,1905.06,37720.0428
1742284800000,1905.05,1913.09,1885.58,1892.43,55602.0709
1742299200000,1892.42,1903.2,1872.31,1881.02,87278.069
1742313600000,1881.03,1908.39,1873.6,1904.57,56527.7258
1742328000000,1904.57,1936.2,1898.65,1931.54,43701.3825
1742342400000,1931.54,1949.03,1927.58,1938.33,78297.369
1742356800000,1938.33,1943.14,1930.3,1932.0,51764.9712
1742371200000,1932.0,2033.79,1931.7,2027.99,177658.3462
1742385600000,2028.0,2056.99,1994.65,2048.99,153084.4055
1742400000000,2049.0,2064.91,1997.33,2031.06,179077.3681
1742414400000,2031.07,2069.9,2028.58,2056.06,51927.0434
1742428800000,2056.05,2067.9,2020.41,2022.75,55508.5588
1742443200000,2022.75,2025.6,2005.2,2007.54,56313.6544
1742457600000,2007.55,2021.27,1972.4,1989.08,83047.3029
1742472000000,1989.09,2010.66,1965.85,1972.17,86188.1979
1742486400000,1972.01,1980.26,1952.17,1974.75,92498.9104
1742500800000,1974.76,1984.88,1971.33,1983.79,27962.3038
1742515200000,1983.79,1996.73,1973.0,1978.17,36187.0196
1742529600000,1978.16,1989.95,1966.52,1976.78,32847.9402
1742544000000,1976.79,1982.33,1956.6,1966.81,43285.7076
1742558400000,1966.81,1973.99,1937.1,1950.69,70931.0173
1742572800000,1950.69,1977.9,1946.07,1973.93,51879.2956
1742587200000,1973.92,1983.4,1962.62,1965.75,27510.6787
1742601600000,1965.74,1987.23,1964.34,1986.04,30242.4857
1742616000000,1986.07,1993.1,1983.23,1984.23,22032.5288
1742630400000,1984.22,2006.61,1981.68,1990.41,42628.2325
1742644800000,1990.41,1997.75,1981.12,1986.29,29865.6634
1742659200000,1986.29,2000.0,1982.52,1995.94,21282.0684
1742673600000,1995.95,2004.3,1974.78,1980.69,24731.9786
1742688000000,1980.68,2008.73,1976.81,2008.31,30652.622
1742702400000,2008.32,2019.8,1992.08,2008.04,84722.8166
1742716800000,2008.04,2020.74,2002.9,2008.01,40446.2429
1742731200000,2008.01,2020.2,2002.52,2007.06,41764.057
1742745600000,2007.06,2008.23,1987.5,1996.3,37278.0699
1742760000000,1996.3,2006.68,1980.77,2005.99,33843.7149
1742774400000,2005.99,2021.39,1977.67,2014.48,79392.7375
1742788800000,2014.49,2079.58,2014.49,2069.16,123425.724
1742803200000,2069.18,2104.11,2068.77,2092.77,82706.6126
1742817600000,2092.77,2102.49,2073.47,2089.77,85147.898
1742832000000,2089.76,2101.3,2067.67,2088.71,69700.2774
1742846400000,2088.71,2095.41,2068.33,2081.2,37539.5659
1742860800000,2081.2,2097.7,2041.83,2043.26,63776.9053
1742875200000,2043.25,2066.98,2037.08,2055.55,45714.9026
1742889600000,2055.56,2075.36,2052.44,2068.68,58564.8607
1742904000000,2068.68,2080.4,2051.88,2067.67,75513.4319
1742918400000,2067.67,2083.52,2056.51,2075.64,49556.1643
1742932800000,2075.64,2082.99,2053.85,2066.15,35639.0644
1742947200000,2066.16,2079.21,2042.6,2049.07,47785.8977
1742961600000,2049.06,2071.4,2047.55,2069.25,49512.9513
1742976000000,2069.26,2075.76,2057.6,2068.51,61640.9566
1742990400000,2068.52,2070.52,2006.66,2012.27,132460.4999
1743004800000,2012.27,2022.13,1981.6,1999.92,100130.393
1743019200000,1999.91,2017.92,1991.85,2009.52,37444.6301
1743033600000,2009.52,2037.38,2006.78,2031.32,41020.331
1743048000000,2031.32,2032.87,2020.95,2026.43,27996.1192
1743062400000,2026.42,2035.92,2012.21,2016.21,54604.8804
1743076800000,2016.21,2026.32,1987.06,2005.49,124157.286
1743091200000,2005.48,2015.16,1993.65,2004.08,67723.9446
1743105600000,2004.13,2020.0,1999.68,2003.66,45132.2771
1743120000000,2003.67,2015.93,1991.63,1999.84,45959.3744
1743134400000,1999.84,2004.7,1900.0,1910.21,204560.9423
1743148800000,1910.21,1925.0,1860.0,1900.48,131084.2217
1743163200000,1900.47,1903.87,1871.58,1872.13,135936.1364
1743177600000,1872.13,1887.28,1862.14,1874.16,67418.3875
1743192000000,1874.17,1902.0,1873.75,1896.9,41208.5209
1743206400000,1896.9,1913.6,1886.27,1899.83,49911.4913
1743220800000,1899.84,1904.96,1875.41,1880.14,49183.2001
1743235200000,1880.14,1887.28,1833.5,1844.55,104293.8926
1743249600000,1844.55,1863.75,1833.84,1840.24,49507.5742
1743264000000,1840.24,1848.12,1797.2,1827.5,121732.8898
1743278400000,1827.5,1830.31,1811.6,1828.08,35140.7075
1743292800000,1828.09,1844.59,1812.69,1834.39,45627.2749
1743307200000,1834.39,1846.85,1832.56,1837.74,25482.9237
1743321600000,1837.74,1849.01,1826.49,1833.27,34404.5555
1743336000000,1833.28,1839.71,1790.06,1813.75,80088.8278
1743350400000,1813.76,1834.33,1785.41,1814.22,70663.6853
1743364800000,1814.22,1821.68,1767.69,1807.74,71576.1804
1743379200000,1807.74,1823.5,1776.75,1798.32,83766.4283
1743393600000,1798.32,1813.68,1789.1,1798.92,53143.2359
1743408000000,1798.91,1819.74,1777.79,1813.43,90571.4839
1743422400000,1813.43,1854.22,1794.94,1842.23,158823.842
1743436800000,1842.22,1847.34,1817.23,1827.71,68966.6935
1743451200000,1827.71,1834.74,1816.4,1822.43,42583.2216
1743465600000,1822.43,1843.0,1817.88,1835.0,55092.8255
1743480000000,1835.0,1867.91,1831.95,1854.26,50598.2842
1743494400000,1854.26,1892.55,1853.93,1862.36,95925.7841
1743508800000,1862.37,1927.9,1842.42,1918.58,156992.8651
1743523200000,1918.59,1924.17,1901.5,1910.09,53127.4709
1743537600000,1910.1,1922.75,1897.13,1904.98,41251.8676
1743552000000,1904.98,1908.41,1872.39,1876.39,54199.1151
1743566400000,1876.4,1883.3,1852.0,1865.06,62469.3203
1743580800000,1865.07,1888.05,1862.62,1868.72,46565.6618
1743595200000,1868.73,1919.0,1854.27,1901.21,205643.0299
1743609600000,1901.21,1916.1,1882.22,1911.45,91870.8888
1743624000000,1911.45,1957.0,1781.53,1795.22,290092.7664
1743638400000,1795.21,1834.88,1788.97,1824.46,86309.6716
1743652800000,1824.47,1845.26,1807.13,1815.31,63173.4782
1743667200000,1815.31,1824.18,1787.23,1795.13,68000.455
1743681600000,1795.13,1800.52,1750.0,1782.27,183694.3886
1743696000000,1782.26,1799.15,1767.23,1787.12,61798.8036
1743710400000,1787.11,1821.84,1779.78,1817.23,45098.221
1743724800000,1817.23,1823.12,1771.11,1792.91,71533.8066
1743739200000,1792.91,1821.82,1784.17,1817.93,44350.2635
1743753600000,1817.94,1835.68,1758.72,1783.88,126091.5891
1743768000000,1783.88,1821.0,1769.45,1795.24,190281.9269
1743782400000,1795.24,1828.9,1783.25,1810.21,99784.1323
1743796800000,1810.21,1827.99,1807.52,1816.87,40692.7518
1743811200000,1816.88,1827.29,1809.39,1810.01,24960.4779
1743825600000,1810.01,1815.75,1803.99,1813.22,19521.7579
1743840000000,1813.22,1822.04,1806.56,1807.34,27693.9316
1743854400000,1807.34,1808.3,1777.93,1782.01,57339.1196
1743868800000,1782.01,1795.38,1780.0,1782.17,20889.6367
1743883200000,1782.17,1810.04,1764.39,1806.01,51311.3459
1743897600000,1806.02,1817.0,1801.78,1809.81,24843.9304
1743912000000,1809.81,1813.55,1791.49,1797.69,28106.5655
1743926400000,1797.7,1798.2,1783.0,1789.19,36956.075
1743940800000,1789.19,1792.09,1735.0,1759.55,126184.7151
1743955200000,1759.56,1760.06,1602.0,1626.24,394747.5662
1743969600000,1626.24,1631.18,1537.5,1580.76,369008.2436
1743984000000,1580.77,1614.2,1520.78,1543.69,231470.3874
1743998400000,1543.69,1561.41,1411.01,1460.15,606711.8104
1744012800000,1460.15,1520.83,1455.63,1483.11,289167.8855
1744027200000,1483.11,1639.0,1478.12,1556.56,745901.0133
1744041600000,1556.56,1572.7,1526.0,1545.41,211504.8219
1744056000000,1545.47,1585.5,1545.06,1553.04,84040.0882
1744070400000,1553.04,1618.67,1541.04,1584.71,108270.5369
1744084800000,1584.71,1602.27,1561.89,1570.83,90041.615
1744099200000,1570.83,1590.08,1554.37,1588.32,79592.2855
1744113600000,1588.32,1593.47,1518.29,1531.77,195381.2018
1744128000000,1531.76,1533.08,1454.63,1466.67,296007.5833
1744142400000,1466.67,1486.2,1441.3,1473.41,122552.9102
1744156800000,1473.41,1482.28,1385.05,1418.8,348901.6501
1744171200000,1418.79,1492.02,1414.77,1483.43,231481.7066
1744185600000,1483.45,1496.55,1445.07,1455.33,225142.4451
1744200000000,1455.33,1501.27,1440.2,1485.26,274260.0992
1744214400000,1485.26,1673.29,1481.97,1640.92,728405.2382
1744228800000,1640.93,1689.0,1640.56,1669.51,160339.7746
1744243200000,1669.51,1669.85,1601.76,1617.01,126397.4019
1744257600000,1617.0,1626.14,1583.31,1595.81,104597.0239
1744272000000,1595.81,1606.86,1581.36,1594.81,87134.1256
1744286400000,1594.8,1640.0,1483.6,1495.98,325823.9029
1744300800000,1495.97,1532.2,1471.02,1514.67,206611.5545
1744315200000,1514.6,1533.7,1514.16,1522.25,61291.3846
1744329600000,1522.24,1550.6,1504.63,1544.61,94058.3669
1744344000000,1544.61,1562.8,1541.04,1553.04,69184.0419
1744358400000,1553.05,1585.0,1538.14,1558.79,139182.3495
1744372800000,1558.8,1581.44,1541.48,1565.44,148755.5345
1744387200000,1565.44,1591.47,1555.87,1565.79,83844.1242
1744401600000,1565.79,1586.97,1558.7,1566.85,43459.9013
1744416000000,1566.85,1569.79,1546.06,1554.4,48549.479
1744430400000,1554.4,1585.23,1550.5,1582.05,48725.5648
1744444800000,1582.04,1606.41,1581.0,1594.06,68189.6049
1744459200000,1594.06,1669.59,1590.7,1655.87,184898.5365
1744473600000,1655.88,1662.33,1628.24,1642.63,96645.472
1744488000000,1642.64,1659.93,1641.24,1644.18,54859.2461
1744502400000,1644.19,1649.75,1606.55,1624.53,75377.2782
1744516800000,1624.52,1624.66,1597.47,1613.5,57240.2926
1744531200000,1613.51,1628.2,1592.58,1604.28,72537.0065
1744545600000,1604.29,1609.3,1566.11,1586.62,107308.5997
1744560000000,1586.61,1649.04,1562.01,1590.25,173502.9478
1744574400000,1590.25,1617.08,1572.24,1597.76,94170.4897
1744588800000,1597.76,1660.32,1595.56,1629.59,126833.3588
1744603200000,1629.6,1642.19,1612.63,1635.57,68892.4749
1744617600000,1635.58,1691.5,1629.34,1675.32,140481.582
1744632000000,1675.32,1689.59,1619.34,1627.93,157297.7459
1744646400000,1627.94,1651.51,1615.0,1636.58,105039.3429
1744660800000,1636.58,1638.18,1606.01,1623.77,47385.6374
1744675200000,1623.78,1643.7,1614.8,1637.89,66593.4424
1744689600000,1637.9,1648.47,1632.06,1644.84,49772.8016
1744704000000,1644.83,1651.96,1622.47,1632.05,71974.1557
1744718400000,1632.06,1661.21,1601.36,1621.02,167803.8185
1744732800000,1621.01,1627.99,1597.17,1606.96,64876.56
1744747200000,1606.95,1614.78,1583.12,1588.78,55158.1133
1744761600000,1588.77,1604.4,1576.5,1591.04,53725.2608
1744776000000,1591.04,1593.66,1551.18,1564.28,98012.8235
1744790400000,1564.28,1586.1,1556.7,1584.17,61135.9591
1744804800000,1584.18,1613.66,1566.28,1590.69,127938.4349
1744819200000,1590.7,1612.83,1538.07,1588.6,208530.8318
1744833600000,1588.61,1598.15,1570.0,1577.14,62044.5585
1744848000000,1577.15,1595.57,1574.69,1584.91,59911.5347
1744862400000,1584.91,1610.53,1580.99,1601.6,65643.7644
1744876800000,1601.6,1604.23,1588.65,1593.27,44240.9551
1744891200000,1593.27,1603.19,1563.2,1583.17,93211.0273
1744905600000,1583.17,1616.96,1577.02,1581.45,147342.5624
1744920000000,1581.44,1591.84,1579.0,1583.62,39520.5189
1744934400000,1583.63,1589.19,1577.23,1584.15,38792.3674
1744948800000,1584.14,1585.19,1573.54,1584.09,41086.5907
1744963200000,1584.1,1592.82,1582.3,1590.67,30494.132
1744977600000,1590.67,1597.2,1579.09,1583.17,40691.5035
1744992000000,1583.17,1595.18,1581.8,1593.31,25174.1423
1745006400000,1593.31,1600.64,1587.01,1588.6,24170.3
1745020800000,1588.6,1600.26,1585.01,1597.76,31072.3981
1745035200000,1597.75,1613.48,1595.33,1600.94,43084.6831
1745049600000,1600.94,1606.4,1594.07,1596.79,30170.2623
1745064000000,1596.8,1612.29,1595.05,1607.28,39041.6232
1745078400000,1607.28,1631.81,1598.5,1614.79,58737.7878
1745092800000,1614.8,1622.37,1611.06,1613.27,20989.6354
1745107200000,1613.26,1619.19,1608.0,1611.87,27425.144
1745121600000,1611.87,1617.65,1586.6,1597.46,47330.5051
1745136000000,1597.46,1597.61,1565.59,1572.62,86979.4597
1745150400000,1572.61,1584.04,1571.1,1573.5,41804.6085
1745164800000,1573.51,1587.97,1571.49,1586.17,28189.3136
1745179200000,1586.19,1600.75,1574.68,1587.36,44323.1997
1745193600000,1587.36,1645.45,1586.18,1634.54,160608.8717
1745208000000,1634.55,1658.75,1631.3,1645.92,114675.8872
1745222400000,1645.92,1655.0,1617.85,1626.34,77595.4377
1745236800000,1626.34,1641.82,1608.6,1623.3,110419.6288
1745251200000,1623.3,1626.09,1564.07,1573.7,175835.5597
1745265600000,1573.7,1580.75,1571.35,1579.57,52351.2816
1745280000000,1579.57,1593.73,1537.26,1579.22,144649.1612
1745294400000,1579.22,1624.0,1574.0,1619.21,119131.8864
1745308800000,1619.2,1638.16,1613.01,1631.03,118180.9271
1745323200000,1631.03,1725.81,1626.85,1703.01,390160.8683
1745337600000,1703.0,1710.66,1683.08,1698.22,117017.3822
1745352000000,1698.22,1778.0,1691.68,1756.26,213896.7334
1745366400000,1756.25,1807.56,1744.95,1795.49,193263.6182
1745380800000,1795.49,1818.18,1773.93,1792.11,180484.4026
1745395200000,1792.1,1812.2,1779.2,1797.23,119675.4843
1745409600000,1797.22,1834.86,1761.62,1794.6,272006.8304
1745424000000,1794.6,1810.0,1774.47,1786.03,88340.4333
1745438400000,1786.03,1806.91,1785.73,1795.07,33774.8628
1745452800000,1795.08,1802.82,1766.52,1768.18,68766.2419
1745467200000,1768.16,1776.34,1751.27,1756.25,76239.2484
1745481600000,1756.25,1760.7,1722.9,1755.1,111964.6432
1745496000000,1755.1,1777.77,1744.4,1764.62,106855.2798
1745510400000,1764.62,1777.5,1746.04,1763.1,76360.5962
1745524800000,1763.1,1774.84,1749.04,1769.65,43279.029
1745539200000,1769.64,1790.5,1738.6,1760.89,91446.8365
1745553600000,1760.89,1781.88,1758.14,1777.18,56655.5164
1745568000000,1777.17,1793.29,1764.29,1790.49,94062.5482
1745582400000,1790.49,1827.32,1757.25,1806.48,225511.8462
1745596800000,1806.48,1810.89,1782.4,1802.16,81938.4927
1745611200000,1802.16,1809.4,1783.85,1784.6,45995.6494
1745625600000,1784.6,1815.81,1784.6,1797.48,79135.7111
1745640000000,1797.48,1810.88,1789.0,1800.49,35833.049
1745654400000,1800.49,1841.16,1778.94,1785.85,115929.7567
1745668800000,1785.86,1804.0,1780.1,1800.2,53171.575
1745683200000,1800.2,1814.89,1795.86,1813.08,28122.1042
1745697600000,1813.08,1831.09,1805.51,1820.88,42875.8482
1745712000000,1820.87,1857.47,1801.02,1809.75,125776.6408
1745726400000,1809.75,1811.6,1790.27,1803.76,45935.8597
1745740800000,1803.75,1815.52,1801.56,1805.94,32043.3556
1745755200000,1805.94,1808.1,1781.9,1793.86,65995.6124
1745769600000,1793.85,1808.47,1787.31,1808.01,32862.3788
1745784000000,1808.01,1808.26,1784.59,1791.29,37718.7962
1745798400000,1791.29,1793.83,1752.18,1784.23,110341.6608
1745812800000,1784.23,1812.08,1784.23,1804.79,63071.9581
1745827200000,1804.8,1827.98,1788.3,1816.2,95744.5566
1745841600000,1816.2,1816.97,1753.0,1763.28,143536.7345
1745856000000,1763.27,1804.79,1744.71,1797.17,119073.3187
1745870400000,1797.17,1807.0,1781.16,1799.88,55501.5143
1745884800000,1799.88,1811.56,1787.89,1802.08,60533.1763
1745899200000,1802.07,1824.94,1788.16,1821.71,77348.4406
1745913600000,1821.71,1842.99,1816.92,1829.77,104234.231
1745928000000,1829.76,1833.42,1802.02,1814.99,100591.997
1745942400000,1814.99,1832.49,1807.48,1821.65,64099.1139
1745956800000,1821.66,1825.69,1780.47,1797.81,73649.4296
1745971200000,1797.81,1813.09,1788.9,1808.91,47523.1618
1745985600000,1808.92,1813.0,1791.1,1796.37,38807.935
1746000000000,1796.37,1816.8,1792.8,1815.7,43373.0871
1746014400000,1815.69,1816.4,1731.7,1764.74,215011.5837
1746028800000,1764.73,1792.97,1756.07,1786.69,67778.2644
1746043200000,1786.7,1809.72,1784.61,1793.61,61029.9557
1746057600000,1793.62,1819.0,1792.52,1807.99,54356.6699
1746072000000,1807.99,1816.9,1802.14,1810.6,34775.7602
1746086400000,1810.59,1859.23,1808.8,1845.58,136551.2761
1746100800000,1845.58,1873.17,1825.2,1852.99,206809.7762
1746115200000,1853.0,1870.25,1838.49,1842.82,71303.5178
1746129600000,1842.89,1851.01,1833.5,1838.11,33401.7289
1746144000000,1838.1,1851.3,1835.1,1847.74,36438.5546
1746158400000,1847.74,1851.79,1816.22,1816.32,77200.0537
1746172800000,1816.33,1835.53,1813.0,1833.39,64205.9035
1746187200000,1833.39,1854.5,1823.34,1841.12,115720.8477
1746201600000,1841.11,1871.0,1831.7,1839.68,86400.4395
1746216000000,1839.68,1848.5,1832.49,1842.2,30702.076
1746230400000,1842.2,1843.05,1826.58,1834.8,28605.7458
1746244800000,1834.8,1839.3,1824.6,1826.41,26200.2165
1746259200000,1826.41,1830.51,1817.63,1824.1,38880.361
1746273600000,1824.1,1840.12,1823.74,1834.53,35406.8381
1746288000000,1834.53,1839.2,1810.0,1838.21,47650.4581
1746302400000,1838.21,1848.6,1828.4,1833.52,37007.9784
1746316800000,1833.52,1849.6,1826.44,1831.89,37409.3894
1746331200000,1831.89,1849.95,1829.66,1840.98,39293.2904
1746345600000,1840.98,1841.34,1822.0,1827.6,41649.5415
1746360000000,1827.61,1833.99,1818.57,1830.8,34143.7207
1746374400000,1830.81,1833.49,1822.08,1828.4,26733.0632
1746388800000,1828.4,1842.15,1803.0,1808.86,59025.3512
1746403200000,1808.86,1818.49,1781.85,1794.51,86015.2042
1746417600000,1794.5,1829.84,1792.82,1826.59,49441.4363
1746432000000,1826.58,1831.55,1798.3,1804.63,57907.623
1746446400000,1804.64,1815.63,1794.47,1800.99,63242.5831
1746460800000,1801.0,1828.5,1800.78,1816.44,43543.1002
1746475200000,1816.44,1833.55,1799.52,1820.19,42191.061
1746489600000,1820.19,1820.9,1792.49,1806.35,48765.2187
1746504000000,1806.35,1809.26,1797.78,1806.03,24102.5412
1746518400000,1806.03,1806.1,1757.34,1769.92,79861.629
1746532800000,1769.92,1779.68,1752.0,1770.09,85715.8416
1746547200000,1770.09,1798.8,1762.16,1784.79,59655.6448
1746561600000,1784.8,1819.41,1765.5,1817.0,86483.3698
1746576000000,1817.0,1850.0,1814.59,1826.48,125977.3463
1746590400000,1826.48,1838.43,1824.57,1838.24,38011.0468
1746604800000,1838.23,1847.05,1830.51,1836.35,56688.7297
1746619200000,1836.35,1837.1,1814.29,1817.31,78534.1832
1746633600000,1817.32,1818.01,1787.01,1795.82,105311.2281
1746648000000,1795.83,1825.44,1789.12,1811.11,51647.5364
1746662400000,1811.11,1906.77,1808.71,1901.1,182304.831
1746676800000,1901.09,1943.83,1892.2,1928.4,174077.6779
1746691200000,1928.4,1968.72,1925.9,1957.63,155279.6357
1746705600000,1957.64,2075.65,1954.27,2051.3,369909.7122
1746720000000,2051.3,2140.0,2036.64,2117.83,238215.6027
1746734400000,2117.83,2226.0,2111.6,2207.39,353365.2265
1746748800000,2207.39,2245.03,2184.33,2205.06,197091.8523
1746763200000,2205.06,2393.0,2202.8,2364.09,322754.4291
1746777600000,2364.09,2490.77,2292.12,2351.29,688883.9006
1746792000000,2351.29,2388.23,2271.5,2301.3,271184.0811
1746806400000,2301.28,2355.2,2274.33,2331.57,129993.1001
1746820800000,2331.58,2352.0,2322.65,2345.04,57133.675
1746835200000,2345.04,2380.66,2317.0,2339.89,72245.2312
1746849600000,2339.89,2417.13,2326.66,2400.0,121392.4906
1746864000000,2400.01,2435.72,2360.0,2384.75,221266.4512
1746878400000,2384.76,2448.88,2384.76,2433.46,138173.1596
1746892800000,2433.46,2512.42,2428.93,2499.48,222169.8609
1746907200000,2499.49,2600.0,2469.1,2583.23,204102.9671
1746921600000,2583.22,2608.13,2504.27,2537.63,191294.7124
1746936000000,2537.62,2562.47,2453.92,2473.22,187762.0232
1746950400000,2473.22,2535.46,2472.2,2530.67,108511.1259
1746964800000,2530.67,2532.09,2435.51,2462.51,152835.3762
1746979200000,2462.55,2525.4,2440.25,2508.02,123750.4647
1746993600000,2508.02,2528.52,2483.33,2514.57,67430.6864
1747008000000,2514.58,2548.85,2490.75,2520.0,107789.0359
1747022400000,2520.01,2624.0,2486.8,2554.77,244402.2228
1747036800000,2554.78,2585.83,2522.0,2530.59,153519.4558
1747051200000,2530.58,2576.29,2478.0,2486.92,278494.7566
1747065600000,2486.91,2512.36,2406.63,2460.36,211087.0722
1747080000000,2460.35,2500.36,2452.26,2495.47,73388.4
1747094400000,2495.48,2495.79,2415.3,2424.8,110339.1684
1747108800000,2424.8,2480.0,2420.0,2460.72,82218.1177
1747123200000,2460.73,2525.5,2451.25,2513.39,115595.9445
1747137600000,2513.39,2573.87,2491.81,2566.21,215856.7475
1747152000000,2566.21,2738.5,2560.01,2690.94,347310.3376
1747166400000,2690.93,2707.62,2654.21,2679.71,160035.3308
1747180800000,2679.71,2725.99,2622.99,2646.82,257279.4041
1747195200000,2646.82,2687.75,2636.59,2640.76,107100.5467
1747209600000,2640.75,2645.95,2577.48,2624.94,186139.4657
1747224000000,2624.93,2636.15,2559.19,2597.49,143036.0868
1747238400000,2597.49,2617.5,2547.26,2605.1,91850.496
1747252800000,2605.03,2614.05,2583.99,2609.74,44641.1129
1747267200000,2609.75,2647.03,2566.91,2574.93,118326.6199
1747281600000,2574.93,2596.49,2515.69,2531.0,117822.453
1747296000000,2530.99,2567.65,2517.53,2554.71,110523.8637
1747310400000,2554.71,2579.61,2476.03,2563.76,203590.318
1747324800000,2563.77,2603.59,2511.77,2530.98,143149.7719
1747339200000,2531.0,2564.33,2512.06,2548.69,75541.0067
1747353600000,2548.7,2584.62,2534.2,2581.35,78973.7415
1747368000000,2581.4,2619.99,2564.0,2601.5,102489.8746
1747382400000,2601.5,2649.31,2558.12,2620.83,145031.4625
1747396800000,2620.82,2623.25,2573.8,2594.93,148721.2722
1747411200000,2594.93,2602.01,2570.0,2591.8,63870.4425
1747425600000,2591.89,2592.74,2529.4,2537.12,66866.8986
1747440000000,2537.13,2538.16,2452.6,2496.98,179817.7157
1747454400000,2497.0,2513.51,2474.93,2492.89,69826.1384
1747468800000,2492.9,2496.2,2466.59,2481.67,58703.2416
1747483200000,2481.67,2486.64,2446.42,2474.48,68534.1761
1747497600000,2474.48,2488.69,2448.27,2470.19,62248.9258
1747512000000,2470.18,2495.45,2453.26,2475.08,55203.0806
1747526400000,2475.09,2487.44,2467.75,2477.2,33903.8121
1747540800000,2477.2,2515.44,2477.2,2509.3,46436.55
1747555200000,2509.29,2528.55,2498.11,2501.75,60946.9309
1747569600000,2501.74,2587.61,2488.02,2578.99,119513.8117
1747584000000,2579.0,2584.0,2403.33,2408.2,270494.374
1747598400000,2408.2,2511.27,2323.21,2497.78,278807.7064
1747612800000,2497.78,2513.67,2379.8,2385.31,164347.1386
1747627200000,2385.32,2413.11,2348.38,2403.74,148408.0227
1747641600000,2403.74,2422.69,2390.12,2417.58,86572.2101
1747656000000,2417.58,2473.7,2383.8,2466.63,153649.8023
1747670400000,2466.63,2547.36,2450.86,2518.82,201749.9999
1747684800000,2518.81,2534.52,2492.43,2528.14,107020.3494
1747699200000,2528.14,2588.63,2510.72,2553.3,153200.7856
1747713600000,2553.29,2578.0,2521.9,2532.3,99367.8058
1747728000000,2532.3,2540.0,2492.58,2514.2,74634.3571
1747742400000,2514.2,2515.38,2464.56,2482.79,117320.7002
1747756800000,2482.78,2511.46,2442.4,2501.28,132395.1503
1747771200000,2501.29,2541.03,2485.1,2524.19,100070.3757
1747785600000,2524.19,2554.5,2509.0,2544.98,94538.6309
1747800000000,2544.98,2615.95,2534.52,2551.87,184170.6385
1747814400000,2551.87,2562.15,2515.38,2536.65,101973.1883
1747828800000,2536.64,2582.18,2522.22,2567.01,196379.57
1747843200000,2567.02,2615.34,2452.2,2512.79,394137.9188
1747857600000,2512.75,2597.92,2486.25,2550.99,124690.3437
1747872000000,2551.0,2647.8,2544.83,2629.24,193398.7709
1747886400000,2629.24,2647.5,2602.78,2635.19,186391.5049
1747900800000,2635.19,2692.99,2627.32,2650.75,187811.6911
1747915200000,2650.75,2679.99,2623.14,2664.48,143113.8209
1747929600000,2664.48,2676.3,2626.37,2634.51,81782.0817
1747944000000,2634.68,2665.9,2627.85,2664.82,60057.7974
1747958400000,2664.83,2734.23,2645.16,2722.0,187067.1541
1747972800000,2722.0,2725.96,2651.35,2655.2,136416.5241
1747987200000,2655.2,2689.21,2551.0,2566.79,174275.1796
1748001600000,2566.78,2591.95,2498.3,2568.53,287915.0191
1748016000000,2568.53,2587.18,2545.91,2560.98,95376.1828
1748030400000,2560.97,2562.4,2503.66,2526.5,90392.3935
1748044800000,2526.49,2556.73,2515.08,2549.99,57804.475
1748059200000,2550.0,2563.5,2535.08,2546.99,35663.2606
1748073600000,2546.99,2575.85,2545.22,2563.31,43777.2332
1748088000000,2563.32,2565.41,2543.51,2555.64,43615.7389
1748102400000,2555.64,2567.38,2543.86,2554.47,29640.3749
1748116800000,2554.48,2556.57,2517.65,2530.4,47043.1518
1748131200000,2530.41,2539.5,2476.0,2512.78,94625.0126
1748145600000,2512.79,2518.75,2487.22,2494.39,34574.3928
1748160000000,2494.4,2502.19,2463.0,2497.91,73532.6991
1748174400000,2497.91,2524.9,2479.24,2511.7,62833.3505
1748188800000,2511.69,2535.66,2496.1,2526.6,35833.8594
1748203200000,2526.6,2554.26,2507.65,2551.22,58490.7155
1748217600000,2551.22,2577.0,2536.84,2560.3,79035.4012
1748232000000,2560.29,2599.0,2557.3,2580.8,62048.7781
1748246400000,2580.79,2582.7,2553.24,2568.08,50205.7588
1748260800000,2568.08,2574.43,2539.23,2565.99,74983.034
1748275200000,2566.0,2573.3,2525.86,2541.22,54080.3119
1748289600000,2541.21,2584.65,2536.57,2563.7,42617.8342
1748304000000,2563.7,2573.5,2509.46,2549.25,69713.0364
1748318400000,2549.26,2619.48,2548.99,2607.59,197681.4542
1748332800000,2607.6,2655.0,2607.59,2652.64,142343.8069
1748347200000,2652.64,2683.87,2633.36,2668.2,187321.8228
1748361600000,2668.2,2712.36,2658.36,2687.53,134840.7342
1748376000000,2687.53,2694.12,2652.26,2660.81,66530.0317
1748390400000,2660.81,2661.79,2618.34,2645.37,90117.4687
1748404800000,2645.38,2652.57,2623.85,2636.39,53442.2005
1748419200000,2636.39,2659.01,2608.5,2656.99,79915.2726
1748433600000,2656.99,2689.14,2613.2,2626.9,163925.6089
1748448000000,2626.9,2664.35,2615.32,2617.79,97533.2399
1748462400000,2617.8,2686.4,2612.04,2681.6,75161.8927
1748476800000,2681.61,2788.0,2669.01,2762.5,229259.2567
1748491200000,2762.5,2766.8,2701.28,2731.28,126662.7696
1748505600000,2731.29,2744.42,2707.1,2715.83,87809.0759
1748520000000,2715.82,2718.6,2621.92,2643.68,199941.4085
1748534400000,2643.68,2673.48,2628.99,2650.12,102620.318
1748548800000,2650.12,2668.95,2619.05,2631.39,65274.4258
1748563200000,2631.39,2645.23,2557.07,2631.19,155006.0398
1748577600000,2631.19,2649.23,2606.8,2618.26,98621.6797
1748592000000,2618.27,2628.1,2588.16,2622.04,94347.7511
1748606400000,2622.04,2626.3,2572.56,2598.21,158089.2625
1748620800000,2598.21,2604.28,2533.2,2574.41,150402.1797
1748635200000,2574.41,2589.85,2507.35,2531.34,106578.3436
1748649600000,2531.35,2539.98,2475.33,2513.98,168287.9684
1748664000000,2513.98,2526.5,2504.63,2521.11,44367.3462
1748678400000,2521.11,2530.61,2515.91,2527.0,16201.8516
